label,url_length,num_dots,repeated_digits,special_chars,num_hyphens,num_slashes,num_underscores,num_question_marks,num_equal_signs,num_dollar_signs,num_exclamation,num_hashtags,num_percent_signs,domain_length,domain_hyphens,domain_special_chars,num_subdomains,avg_subdomain_length,subdomain_complexity,subdomain_hyphen,subdomain_repeated_digits,path_length,has_query,has_fragment,has_anchor,domain_age_days,name_servers,ssl_valid,content_length,num_links,num_forms,num_scripts,num_iframes,favicon_present,login_keywords_count,brand_keywords_count,has_password_field,has_hidden_fields,has_external_scripts,is_error_page,error_page_brand_impersonation,error_page_urgent_language,is_established_domain,has_privacy_policy,has_contact_info,has_terms_of_service,domain_reputation_score
0,24,1,0,0,0,1,0,0,0,0,0,0,0,13,0,0,1,4,1.8758694836404475,0,0,1,0,0,0,1194,3,1,8720,138,2,12,0,1,0,0,0,0,0,0,0,0,1,1,1,1,8
0,15,1,0,0,0,1,0,0,0,0,0,0,0,18,0,0,1,4,1.4947589286539924,0,0,1,0,0,0,2500,2,1,14352,108,1,11,1,1,0,1,0,0,0,0,0,0,1,1,1,1,9
0,16,1,0,0,0,1,0,0,0,0,0,0,0,15,0,0,1,2,1.615040347499897,0,0,3,0,0,0,1314,2,1,10703,141,1,15,2,1,0,1,0,0,0,0,0,0,1,1,1,1,9
0,16,1,0,0,0,1,0,0,0,0,0,0,0,15,0,0,1,3,1.9415060106214708,0,0,3,0,0,0,1985,2,1,7799,52,2,19,2,1,0,0,0,0,0,0,0,0,1,1,1,1,8
0,21,1,0,0,0,1,0,0,0,0,0,0,0,10,0,0,1,2,1.824231152069494,0,0,2,0,0,0,1422,2,1,9920,148,2,17,1,1,0,0,0,0,0,0,0,0,1,1,1,1,9
0,24,1,0,0,0,1,0,0,0,0,0,0,0,19,0,0,1,4,1.4531206759176922,0,0,2,0,0,0,1092,2,1,12687,121,1,10,2,1,0,0,0,0,0,0,0,0,1,1,1,1,8
0,24,1,0,0,0,1,0,0,0,0,0,0,0,16,0,0,1,4,1.8167154457556451,0,0,2,0,0,0,3327,3,1,13220,129,1,14,0,1,0,0,0,0,0,0,0,0,1,1,1,1,9
0,16,1,0,0,0,1,0,0,0,0,0,0,0,19,0,0,1,5,1.5811830827106648,0,0,1,0,0,0,1181,3,1,10168,58,1,19,0,1,0,0,0,0,0,0,0,0,1,1,1,1,8
0,16,1,0,0,0,1,0,0,0,0,0,0,0,12,0,0,1,5,1.417376083963588,0,0,1,0,0,0,2346,3,1,7947,125,1,17,1,1,0,0,0,0,0,0,0,0,1,1,1,1,9
0,24,1,0,0,0,1,0,0,0,0,0,0,0,10,0,0,1,3,1.849237348166191,0,0,2,0,0,0,3512,2,1,6133,59,2,13,1,1,1,0,0,0,0,0,0,0,1,1,1,1,9
0,21,1,0,0,0,1,0,0,0,0,0,0,0,17,0,0,1,2,1.7704208724830885,0,0,2,0,0,0,3112,2,1,5275,77,2,5,2,1,0,1,0,0,0,0,0,0,1,1,1,1,8
0,17,1,0,0,0,1,0,0,0,0,0,0,0,17,0,0,1,2,1.439779720874336,0,0,3,0,0,0,2292,2,1,9401,109,1,7,2,1,0,0,0,0,0,0,0,0,1,1,1,1,9
0,22,1,0,0,0,1,0,0,0,0,0,0,0,10,0,0,1,5,1.7960764570601024,0,0,1,0,0,0,4487,3,1,13833,74,1,8,0,1,0,1,0,0,0,0,0,0,1,1,1,1,8
0,19,1,0,0,0,1,0,0,0,0,0,0,0,18,0,0,1,5,1.5481717914893323,0,0,4,0,0,0,1069,3,1,6651,114,1,16,2,1,1,0,0,0,0,0,0,0,1,1,1,1,8
0,23,1,0,0,0,1,0,0,0,0,0,0,0,19,0,0,1,2,1.4970254007805246,0,0,2,0,0,0,1102,3,1,6488,95,1,8,0,1,0,0,0,0,0,0,0,0,1,1,1,1,8
0,18,1,0,0,0,1,0,0,0,0,0,0,0,16,0,0,1,2,1.6253689974545344,0,0,1,0,0,0,3983,2,1,5007,83,2,5,0,1,1,1,0,0,0,0,0,0,1,1,1,1,9
0,22,1,0,0,0,1,0,0,0,0,0,0,0,16,0,0,1,5,1.5766471217965705,0,0,4,0,0,0,2181,3,1,11303,83,2,14,0,1,1,1,0,0,0,0,0,0,1,1,1,1,9
0,16,1,0,0,0,1,0,0,0,0,0,0,0,11,0,0,1,4,1.2077415650622565,0,0,2,0,0,0,3772,2,1,13382,99,1,16,2,1,1,0,0,0,0,0,0,0,1,1,1,1,9
0,23,1,0,0,0,1,0,0,0,0,0,0,0,12,0,0,1,4,1.4944280926748517,0,0,3,0,0,0,1512,2,1,14146,85,2,7,1,1,1,0,0,0,0,0,0,0,1,1,1,1,9
0,20,1,0,0,0,1,0,0,0,0,0,0,0,12,0,0,1,4,1.3494426454037183,0,0,2,0,0,0,1074,3,1,7786,99,2,15,1,1,1,1,0,0,0,0,0,0,1,1,1,1,8
0,15,1,0,0,0,1,0,0,0,0,0,0,0,19,0,0,1,3,1.2028314414063295,0,0,1,0,0,0,4890,3,1,12791,50,1,6,0,1,1,0,0,0,0,0,0,0,1,1,1,1,8
0,22,1,0,1,0,2,0,0,0,0,0,0,0,18,0,0,1,3,1.173518264369127,0,0,5,0,0,0,910,1,0,8516,33,1,7,1,0,1,0,0,0,0,0,0,0,0,0,0,0,6
0,32,2,0,1,0,3,0,0,0,0,0,0,0,17,0,0,2,3,2.1827891944481337,0,0,6,0,0,0,1052,1,0,5494,25,2,11,1,0,0,0,0,0,0,0,0,0,0,0,0,0,8
0,23,1,0,0,0,2,0,0,0,0,0,0,0,10,0,0,1,5,1.6044576944097328,0,0,4,0,0,0,1564,1,0,5171,71,2,11,2,0,2,0,0,0,0,0,0,0,0,0,0,0,7
0,20,2,0,1,0,3,0,0,0,0,0,0,0,19,0,0,1,3,1.915480417729858,0,0,5,0,0,0,980,2,0,4477,75,1,9,1,0,0,0,0,0,0,0,0,0,0,0,0,0,7
0,21,1,0,0,0,1,0,0,0,0,0,0,0,15,0,0,1,5,1.1678738378665399,0,0,10,0,0,0,1646,2,0,4074,70,2,8,1,0,2,2,0,0,0,0,0,0,0,0,0,0,6
0,19,1,0,1,0,3,0,0,0,0,0,0,0,10,0,0,2,3,1.1663901872568059,0,0,7,0,0,0,571,1,0,6911,30,1,5,1,0,1,1,0,0,0,0,0,0,0,0,0,0,7
0,30,1,0,1,0,1,0,0,0,0,0,0,0,15,0,0,1,3,1.233032988332337,0,0,9,0,0,0,190,3,0,6032,80,2,3,2,0,0,0,0,0,0,0,0,0,0,0,0,0,6
0,28,2,0,0,0,3,0,0,0,0,0,0,0,16,0,0,1,2,2.2677986012781526,0,0,13,0,0,0,1492,2,0,8258,64,2,13,2,0,2,0,0,0,0,0,0,0,0,0,0,0,9
0,25,1,0,0,0,3,0,0,0,0,0,0,0,10,0,0,1,4,1.9918485042656935,0,0,13,0,0,0,746,3,0,6503,56,2,10,2,0,1,1,0,0,0,0,0,0,0,0,0,0,6
0,20,2,0,0,0,3,0,0,0,0,0,0,0,10,0,0,2,5,1.8316094499329298,0,0,3,0,0,0,613,3,0,3458,84,2,8,1,0,0,2,0,0,0,0,0,0,0,0,0,0,8
0,34,1,0,1,0,3,0,0,0,0,0,0,0,17,0,0,1,5,1.4989509860764856,0,0,10,0,0,0,801,2,0,8380,90,1,3,0,0,0,1,0,0,0,0,0,0,0,0,0,0,6
0,20,1,0,1,0,3,0,0,0,0,0,0,0,12,0,0,2,4,1.8227668187004213,0,0,14,0,0,0,887,1,0,4541,54,1,8,1,0,2,2,0,0,0,0,0,0,0,0,0,0,7
0,20,2,0,0,0,1,0,0,0,0,0,0,0,15,0,0,2,3,1.835270633602946,0,0,11,0,0,0,1685,3,0,6952,31,1,6,0,0,2,2,0,0,0,0,0,0,0,0,0,0,6
0,29,2,0,0,0,1,0,0,0,0,0,0,0,15,0,0,2,2,1.440932363915266,0,0,4,0,0,0,326,3,0,9914,60,2,5,1,0,2,2,0,0,0,0,0,0,0,0,0,0,8
0,21,2,0,1,0,2,0,0,0,0,0,0,0,14,0,0,2,2,2.2101203513614074,0,0,13,0,0,0,763,1,0,8029,97,1,9,0,0,1,0,0,0,0,0,0,0,0,0,0,0,6
0,25,1,0,1,0,3,0,0,0,0,0,0,0,16,0,0,2,2,1.2805064101702472,0,0,4,0,0,0,994,3,0,7422,95,1,12,0,0,2,0,0,0,0,0,0,0,0,0,0,0,9
0,22,2,0,1,0,1,0,0,0,0,0,0,0,10,0,0,2,5,1.5308392796087404,0,0,3,0,0,0,1953,1,0,3139,28,1,4,2,0,0,2,0,0,0,0,0,0,0,0,0,0,6
0,17,2,0,0,0,1,0,0,0,0,0,0,0,10,0,0,2,5,1.4447901947605044,0,0,2,0,0,0,111,2,0,5083,33,2,3,2,0,0,1,0,0,0,0,0,0,0,0,0,0,8
0,25,1,0,1,0,1,0,0,0,0,0,0,0,12,0,0,2,3,2.1474000332409977,0,0,10,0,0,0,555,2,0,6855,75,1,4,0,0,1,1,0,0,0,0,0,0,0,0,0,0,7
0,32,2,0,1,0,1,0,0,0,0,0,0,0,12,0,0,2,2,1.6389463878270587,0,0,11,0,0,0,272,3,0,6732,39,1,13,2,0,0,1,0,0,0,0,0,0,0,0,0,0,6
0,23,1,0,0,0,3,0,0,0,0,0,0,0,14,0,0,1,3,1.5332408960152812,0,0,1,0,0,0,1191,1,0,7203,47,2,11,2,0,1,2,0,0,0,0,0,0,0,0,0,0,7
0,27,1,0,0,0,1,0,0,0,0,0,0,0,18,0,0,1,5,1.0595566045581364,0,0,14,0,0,0,754,2,0,7618,64,1,13,2,0,1,2,0,0,0,0,0,0,0,0,0,0,7
0,32,1,0,1,0,2,0,0,0,0,0,0,0,11,0,0,1,2,1.399814021022859,0,0,11,0,0,0,862,1,0,6119,41,2,11,0,0,1,2,0,0,0,0,0,0,0,0,0,0,8
0,34,1,0,1,0,3,0,0,0,0,0,0,0,12,0,0,2,2,1.754978416059543,0,0,8,0,0,0,1871,1,0,9751,77,1,14,0,0,2,0,0,0,0,0,0,0,0,0,0,0,7
0,21,2,0,0,0,1,0,0,0,0,0,0,0,17,0,0,1,5,2.157752598698936,0,0,10,0,0,0,1149,2,0,5555,34,1,8,1,0,0,1,0,0,0,0,0,0,0,0,0,0,9
0,19,2,0,1,0,3,0,0,0,0,0,0,0,18,0,0,2,5,1.548598117557318,0,0,1,0,0,0,1738,2,0,9765,91,1,7,1,0,2,0,0,0,0,0,0,0,0,0,0,0,7
0,33,1,0,1,0,1,0,0,0,0,0,0,0,12,0,0,2,5,2.0898873220214007,0,0,2,0,0,0,534,3,0,9964,85,1,10,1,0,1,2,0,0,0,0,0,0,0,0,0,0,9
0,24,2,0,0,0,1,0,0,0,0,0,0,0,14,0,0,2,5,1.125085217807346,0,0,14,0,0,0,361,1,0,4248,31,2,3,0,0,2,2,0,0,0,0,0,0,0,0,0,0,6
0,34,2,0,0,0,3,0,0,0,0,0,0,0,14,0,0,1,4,1.504252067041899,0,0,4,0,0,0,1284,3,0,6050,47,1,13,1,0,1,1,0,0,0,0,0,0,0,0,0,0,9
0,34,2,0,0,0,1,0,0,0,0,0,0,0,16,0,0,1,4,1.2983649242334254,0,0,1,0,0,0,462,3,0,6271,21,2,8,2,0,0,0,0,0,0,0,0,0,0,0,0,0,6
0,20,1,0,1,0,3,0,0,0,0,0,0,0,18,0,0,2,5,1.546990027330014,0,0,5,0,0,0,565,2,0,9065,87,1,3,2,0,2,1,0,0,0,0,0,0,0,0,0,0,7
0,16,1,0,0,0,2,0,0,0,0,0,0,0,17,0,0,2,3,2.125586309534441,0,0,6,0,0,0,908,2,0,8499,91,2,13,0,0,2,2,0,0,0,0,0,0,0,0,0,0,9
0,28,1,0,1,0,3,0,0,0,0,0,0,0,17,0,0,2,5,1.846044012080673,0,0,9,0,0,0,201,3,0,5122,67,2,10,1,0,2,2,0,0,0,0,0,0,0,0,0,0,8
0,22,1,0,0,0,1,0,0,0,0,0,0,0,16,0,0,1,3,1.5620527670544249,0,0,9,0,0,0,1076,3,0,6416,80,1,14,1,0,2,2,0,0,0,0,0,0,0,0,0,0,9
0,17,1,0,1,0,3,0,0,0,0,0,0,0,15,0,0,2,5,1.2497046687854458,0,0,9,0,0,0,146,2,0,4796,59,2,10,2,0,1,2,0,0,0,0,0,0,0,0,0,0,7
0,25,1,0,0,0,2,0,0,0,0,0,0,0,16,0,0,2,2,1.9531631411738961,0,0,2,0,0,0,848,3,0,8525,73,2,6,0,0,0,0,0,0,0,0,0,0,0,0,0,0,6
0,33,2,0,1,0,2,0,0,0,0,0,0,0,13,0,0,2,2,2.018245832367625,0,0,10,0,0,0,1826,3,0,6253,52,1,6,2,0,2,0,0,0,0,0,0,0,0,0,0,0,7
0,27,2,0,0,0,2,0,0,0,0,0,0,0,16,0,0,2,4,1.8781287832655926,0,0,2,0,0,0,765,3,0,7067,55,2,11,1,0,1,1,0,0,0,0,0,0,0,0,0,0,8
0,18,1,0,0,0,1,0,0,0,0,0,0,0,13,0,0,2,5,1.4539389602747566,0,0,3,0,0,0,1903,2,0,8001,82,1,7,1,0,1,0,0,0,0,0,0,0,0,0,0,0,9
0,27,1,0,0,0,2,0,0,0,0,0,0,0,12,0,0,2,4,2.4946733647992083,0,0,13,0,0,0,1959,2,0,4405,34,1,8,2,0,1,2,0,0,0,0,0,0,0,0,0,0,8
0,17,2,0,1,0,3,0,0,0,0,0,0,0,14,0,0,2,4,2.1356319131045183,0,0,9,0,0,0,1357,3,0,3480,24,2,13,0,0,1,2,0,0,0,0,0,0,0,0,0,0,9
0,33,1,0,1,0,1,0,0,0,0,0,0,0,14,0,0,1,3,1.580461894458896,0,0,3,0,0,0,1072,3,0,7418,32,1,12,0,0,1,1,0,0,0,0,0,0,0,0,0,0,6
0,27,2,0,0,0,3,0,0,0,0,0,0,0,12,0,0,2,3,2.239224326509143,0,0,9,0,0,0,744,3,0,5201,47,1,4,0,0,0,0,0,0,0,0,0,0,0,0,0,0,9
0,29,2,0,0,0,1,0,0,0,0,0,0,0,15,0,0,1,3,1.2152810909948257,0,0,7,0,0,0,1688,1,0,3114,81,2,13,0,0,0,0,0,0,0,0,0,0,0,0,0,0,8
0,26,1,0,1,0,2,0,0,0,0,0,0,0,11,0,0,1,3,1.5718910185724566,0,0,12,0,0,0,1377,2,0,6171,64,1,3,2,0,2,1,0,0,0,0,0,0,0,0,0,0,6
0,27,2,0,1,0,1,0,0,0,0,0,0,0,10,0,0,2,5,1.519816675248356,0,0,4,0,0,0,877,3,0,4006,90,2,14,2,0,0,0,0,0,0,0,0,0,0,0,0,0,6
0,21,2,0,0,0,1,0,0,0,0,0,0,0,12,0,0,2,2,1.762021922312595,0,0,2,0,0,0,512,3,0,6266,52,1,10,0,0,1,2,0,0,0,0,0,0,0,0,0,0,6
0,22,2,0,1,0,2,0,0,0,0,0,0,0,14,0,0,2,5,2.122385401334572,0,0,11,0,0,0,1404,3,0,3984,90,2,5,0,0,0,1,0,0,0,0,0,0,0,0,0,0,6
0,33,2,0,1,0,3,0,0,0,0,0,0,0,19,0,0,2,5,1.3370569481031769,0,0,11,0,0,0,1821,1,0,2190,29,1,9,2,0,2,2,0,0,0,0,0,0,0,0,0,0,9
0,31,2,0,1,0,2,0,0,0,0,0,0,0,19,0,0,1,5,1.362986981757898,0,0,1,0,0,0,1924,3,0,8263,70,2,5,0,0,0,2,0,0,0,0,0,0,0,0,0,0,8
0,34,1,0,1,0,1,0,0,0,0,0,0,0,12,0,0,2,5,1.9979820150630498,0,0,3,0,0,0,992,1,0,5297,41,1,7,1,0,1,2,0,0,0,0,0,0,0,0,0,0,7
0,18,1,0,0,0,2,0,0,0,0,0,0,0,18,0,0,2,2,1.1351600739988732,0,0,9,0,0,0,662,2,0,3992,46,1,11,1,0,0,0,0,0,0,0,0,0,0,0,0,0,7
0,32,1,0,1,0,3,0,0,0,0,0,0,0,10,0,0,1,4,1.75181484767707,0,0,3,0,0,0,366,1,0,2246,63,1,13,1,0,0,1,0,0,0,0,0,0,0,0,0,0,7
0,30,2,0,1,0,3,0,0,0,0,0,0,0,14,0,0,1,4,1.5870290660756496,0,0,7,0,0,0,1365,2,0,3357,63,1,6,2,0,2,2,0,0,0,0,0,0,0,0,0,0,9
0,20,1,0,0,0,3,0,0,0,0,0,0,0,18,0,0,2,4,2.111311970611983,0,0,12,0,0,0,1517,2,0,9757,89,1,7,0,0,1,2,0,0,0,0,0,0,0,0,0,0,8
0,29,2,0,1,0,2,0,0,0,0,0,0,0,15,0,0,2,3,1.6747066237640593,0,0,10,0,0,0,1507,2,0,8882,77,1,10,2,0,1,2,0,0,0,0,0,0,0,0,0,0,6
0,34,1,0,1,0,3,0,0,0,0,0,0,0,13,0,0,1,4,1.489457806125737,0,0,6,0,0,0,720,1,0,9598,89,1,7,1,0,1,2,0,0,0,0,0,0,0,0,0,0,8
0,15,2,0,0,0,2,0,0,0,0,0,0,0,10,0,0,1,3,1.9889870413960768,0,0,12,0,0,0,507,3,0,2850,44,1,8,2,0,1,2,0,0,0,0,0,0,0,0,0,0,7
0,27,1,0,1,0,3,0,0,0,0,0,0,0,15,0,0,2,4,1.2422774464846968,0,0,13,0,0,0,485,1,0,6432,79,1,9,0,0,1,1,0,0,0,0,0,0,0,0,0,0,7
0,22,1,0,0,0,3,0,0,0,0,0,0,0,14,0,0,2,4,2.2584605397201383,0,0,10,0,0,0,626,2,0,9407,87,1,6,1,0,1,1,0,0,0,0,0,0,0,0,0,0,9
0,20,1,0,0,0,3,0,0,0,0,0,0,0,10,0,0,2,5,1.3056349144798953,0,0,3,0,0,0,953,1,0,6611,73,1,11,2,0,2,1,0,0,0,0,0,0,0,0,0,0,6
0,20,2,0,0,0,3,0,0,0,0,0,0,0,14,0,0,2,3,2.2237604510930407,0,0,11,0,0,0,1123,1,0,5564,89,2,7,0,0,0,2,0,0,0,0,0,0,0,0,0,0,9
0,26,1,0,0,0,3,0,0,0,0,0,0,0,13,0,0,2,3,2.1621334170511997,0,0,5,0,0,0,1092,3,0,8901,52,1,12,0,0,1,1,0,0,0,0,0,0,0,0,0,0,9
0,21,2,0,1,0,2,0,0,0,0,0,0,0,11,0,0,2,4,1.8452307757396864,0,0,1,0,0,0,1228,3,0,6706,50,2,7,2,0,1,2,0,0,0,0,0,0,0,0,0,0,7
0,22,2,0,0,0,2,0,0,0,0,0,0,0,17,0,0,1,4,1.4332896757170912,0,0,13,0,0,0,1108,1,0,3556,51,1,13,2,0,0,0,0,0,0,0,0,0,0,0,0,0,6
0,20,1,0,1,0,3,0,0,0,0,0,0,0,10,0,0,2,2,1.4197522703402234,0,0,11,0,0,0,1161,3,0,5747,28,1,12,0,0,0,0,0,0,0,0,0,0,0,0,0,0,8
0,19,2,0,1,0,1,0,0,0,0,0,0,0,10,0,0,1,2,2.1594716912967966,0,0,14,0,0,0,1714,2,0,7208,66,1,10,0,0,0,0,0,0,0,0,0,0,0,0,0,0,6
0,16,2,0,0,0,2,0,0,0,0,0,0,0,16,0,0,1,4,2.401125382528755,0,0,5,0,0,0,449,2,0,6888,55,2,4,1,0,1,2,0,0,0,0,0,0,0,0,0,0,6
0,34,2,0,1,0,3,0,0,0,0,0,0,0,18,0,0,2,4,2.4574783980476083,0,0,10,0,0,0,1141,2,0,7082,77,2,11,0,0,0,1,0,0,0,0,0,0,0,0,0,0,8
0,31,1,0,1,0,1,0,0,0,0,0,0,0,19,0,0,1,5,1.5406498010413667,0,0,8,0,0,0,172,2,0,3562,42,2,13,0,0,2,1,0,0,0,0,0,0,0,0,0,0,9
0,20,2,0,1,0,1,0,0,0,0,0,0,0,14,0,0,1,2,2.103561584133603,0,0,10,0,0,0,1573,3,0,7736,91,1,5,0,0,1,1,0,0,0,0,0,0,0,0,0,0,7
0,29,1,0,0,0,2,0,0,0,0,0,0,0,15,0,0,1,2,2.35886637705211,0,0,5,0,0,0,1068,3,0,6450,93,2,10,2,0,1,0,0,0,0,0,0,0,0,0,0,0,6
0,27,1,0,0,0,1,0,0,0,0,0,0,0,18,0,0,2,5,2.415162597805485,0,0,1,0,0,0,1381,3,0,2596,93,1,10,0,0,2,1,0,0,0,0,0,0,0,0,0,0,7
0,28,1,0,1,0,2,0,0,0,0,0,0,0,17,0,0,2,2,1.3788034948537888,0,0,4,0,0,0,1875,3,0,6696,32,1,5,0,0,1,0,0,0,0,0,0,0,0,0,0,0,7
0,19,1,0,0,0,1,0,0,0,0,0,0,0,10,0,0,1,5,1.8019653351703426,0,0,7,0,0,0,1189,1,0,3921,43,1,12,0,0,0,1,0,0,0,0,0,0,0,0,0,0,9
0,20,1,0,0,0,1,0,0,0,0,0,0,0,18,0,0,2,3,1.5779084437999038,0,0,6,0,0,0,1818,3,0,3005,40,2,9,1,0,0,0,0,0,0,0,0,0,0,0,0,0,7
0,16,2,0,1,0,2,0,0,0,0,0,0,0,18,0,0,2,4,2.1019076819288243,0,0,14,0,0,0,189,1,0,7936,30,1,12,2,0,2,2,0,0,0,0,0,0,0,0,0,0,7
0,29,1,0,0,0,3,0,0,0,0,0,0,0,17,0,0,1,4,1.7738107317647294,0,0,13,0,0,0,1410,1,0,6071,47,1,11,0,0,1,1,0,0,0,0,0,0,0,0,0,0,9
0,22,2,0,0,0,2,0,0,0,0,0,0,0,13,0,0,2,2,2.3147763542378677,0,0,1,0,0,0,573,2,0,4302,48,1,6,2,0,2,1,0,0,0,0,0,0,0,0,0,0,7
0,31,2,0,0,0,3,0,0,0,0,0,0,0,19,0,0,1,4,2.177980905664766,0,0,13,0,0,0,646,1,0,7632,88,2,4,1,0,1,1,0,0,0,0,0,0,0,0,0,0,6
1,31,3,1,3,2,5,1,1,1,0,0,0,1,15,1,1,2,9,3.3822633374386815,0,0,18,0,0,0,26,0,0,2152,11,2,18,2,0,3,3,0,0,0,0,0,0,0,0,0,0,0
1,39,4,2,3,1,2,1,0,0,0,1,1,1,23,2,1,1,11,3.3777742462727782,0,0,19,0,0,0,14,0,0,2282,8,2,11,2,0,7,2,0,0,0,0,0,0,0,0,0,0,3
1,34,3,2,1,0,3,1,1,1,0,1,1,0,25,0,2,2,10,3.764525203351834,0,0,13,0,0,0,54,0,0,1272,20,4,10,1,0,5,5,0,0,0,0,0,0,0,0,0,0,3
1,37,2,2,3,2,4,0,0,1,1,0,0,1,19,2,0,3,11,2.206985004491141,0,0,21,0,0,0,13,1,0,1743,21,4,17,1,0,6,2,0,0,0,0,0,0,0,0,0,0,2
1,40,4,2,3,1,4,1,0,1,1,1,0,1,27,0,2,2,5,3.3558016861448086,0,0,21,0,0,0,7,0,0,2397,14,2,15,5,0,7,6,0,0,0,0,0,0,0,0,0,0,1
1,52,2,2,2,2,2,0,0,0,0,0,0,0,30,2,2,3,4,2.7303037728230057,0,0,14,0,0,0,38,1,0,1764,20,1,11,3,0,6,7,0,0,0,0,0,0,0,0,0,0,0
1,43,3,2,1,2,4,0,0,1,1,1,1,1,32,1,2,3,5,3.6333226117967103,0,0,8,0,0,0,5,0,0,605,28,3,18,5,0,7,5,0,0,0,0,0,0,0,0,0,0,2
1,47,4,1,1,0,3,1,1,1,0,1,0,0,24,1,0,2,6,3.0425720954139415,0,0,14,0,0,0,51,1,0,1163,13,1,5,3,0,6,5,0,0,0,0,0,0,0,0,0,0,3
1,35,2,1,1,1,3,0,1,0,1,1,1,0,25,2,2,2,10,3.986762868248838,0,0,23,0,0,0,32,0,0,863,10,1,14,4,0,6,3,0,0,0,0,0,0,0,0,0,0,0
1,58,4,1,2,2,2,0,0,1,0,1,0,0,38,2,2,3,5,2.7727044710191615,0,0,22,0,0,0,25,0,0,1088,26,1,10,4,0,4,6,0,0,0,0,0,0,0,0,0,0,3
1,45,2,2,2,0,4,1,0,0,0,1,1,1,28,1,2,3,10,2.462880287722659,0,0,12,0,0,0,51,0,0,2009,29,1,9,1,0,5,6,0,0,0,0,0,0,0,0,0,0,0
1,38,2,1,3,1,2,1,1,0,0,0,0,0,37,0,2,2,4,2.8407632256640465,0,0,14,0,0,0,41,0,0,1203,26,3,15,3,0,6,3,0,0,0,1,3,4,0,0,0,0,1
1,50,2,2,1,1,5,0,0,0,0,1,0,0,38,2,0,1,11,3.788864515140731,0,0,18,0,0,0,20,1,0,1483,29,2,17,4,0,7,2,0,0,0,1,3,4,0,0,0,0,1
1,42,4,2,3,2,2,0,0,1,0,0,1,1,21,2,2,1,11,3.0846027818122854,0,0,11,0,0,0,55,1,0,2065,11,2,12,1,0,2,7,0,0,0,1,3,4,0,0,0,0,2
1,42,4,1,3,2,3,1,1,1,1,1,0,0,35,0,1,2,9,2.3886629366132306,0,0,24,0,0,0,41,1,0,955,7,1,18,3,0,6,2,0,0,0,0,0,0,0,0,0,0,2
1,52,2,1,1,0,2,0,1,1,0,0,0,0,22,1,2,2,5,2.126560795382492,0,0,8,0,0,0,36,0,0,604,28,1,9,4,0,3,3,0,0,0,0,0,0,0,0,0,0,0
1,35,3,2,2,0,2,0,1,0,1,0,1,0,31,1,0,1,4,2.265956797751511,0,0,11,0,0,0,7,0,0,1740,26,1,14,4,0,7,2,0,0,0,0,0,0,0,0,0,0,2
1,62,3,3,4,4,7,2,1,3,3,3,0,3,28,2,1,4,13,4.208106927328901,0,0,20,0,0,0,23,0,0,2503,7,4,16,1,0,6,4,0,0,0,0,2,2,0,0,0,0,0
1,48,4,2,5,1,9,3,2,2,1,2,2,1,20,2,1,2,6,3.880139233138629,0,0,26,0,0,0,26,1,0,1130,29,3,13,5,0,2,3,0,0,0,0,0,2,0,0,0,0,2
1,75,4,3,6,4,5,1,1,2,2,2,2,3,43,1,3,4,10,2.67179169382745,0,0,24,0,0,0,12,0,0,2044,16,3,7,2,0,7,6,0,0,0,0,0,1,0,0,0,0,1
1,45,6,3,6,1,6,3,3,2,2,3,2,3,49,3,1,5,10,3.180957553556534,0,0,28,0,0,0,29,1,0,1511,27,4,19,3,0,2,6,0,0,0,0,2,2,0,0,0,0,1
1,74,4,4,6,2,5,1,3,1,3,2,1,1,30,3,2,3,11,4.022492366379926,0,0,24,0,0,0,17,0,0,2753,24,1,6,3,0,3,6,0,0,0,0,2,2,0,0,0,0,0
1,68,5,2,4,4,4,3,2,3,3,3,2,1,47,2,1,2,14,4.04857642557265,0,0,38,0,0,0,13,0,0,2829,23,1,18,2,0,4,5,0,0,0,0,0,1,0,0,0,0,3
1,79,6,1,3,4,6,3,1,2,3,1,2,1,45,2,2,4,12,4.908265304008447,0,0,15,0,0,0,26,0,0,1049,21,2,13,1,0,5,3,0,0,0,0,1,4,0,0,0,0,0
1,68,7,2,6,4,9,2,3,2,1,2,0,3,30,4,3,2,11,2.6373608863644122,0,0,16,0,0,0,6,1,0,1621,15,1,7,1,0,3,2,0,0,0,0,0,3,0,0,0,0,0
1,65,7,1,5,4,3,2,3,3,1,1,1,2,38,1,2,4,11,4.81974252285685,0,0,34,0,0,0,19,1,0,656,24,1,11,4,0,6,5,0,0,0,0,2,4,0,0,0,0,3
1,57,7,3,6,3,5,2,1,1,2,3,0,2,29,3,2,5,12,3.80540387194662,0,0,27,0,0,0,5,0,0,1379,20,2,19,3,0,4,7,0,0,0,0,0,0,0,0,0,0,4
1,46,7,3,4,3,9,1,1,3,3,2,2,1,28,3,1,2,9,3.140877142642341,0,0,22,0,0,0,21,0,0,1610,24,2,10,3,0,4,5,0,0,0,0,0,1,0,0,0,0,3
1,41,5,2,4,4,6,2,3,2,3,2,0,3,22,2,4,3,12,3.571411226745461,0,0,25,0,0,0,28,0,0,763,23,4,6,4,0,7,6,0,0,0,0,1,4,0,0,0,0,3
1,35,4,4,3,4,5,4,3,2,1,1,2,3,35,4,3,3,8,4.010879515680473,0,0,17,0,0,0,17,1,0,1044,28,2,6,2,0,3,3,0,0,0,0,1,1,0,0,0,0,3
1,66,7,4,2,3,9,4,3,3,2,2,0,1,21,3,2,3,12,3.0748048005819846,0,0,24,0,0,0,17,0,0,1996,24,3,19,1,0,6,3,0,0,0,0,0,4,0,0,0,0,3
1,42,4,3,4,2,3,3,2,1,2,3,2,3,49,1,3,3,9,3.416831587551835,0,0,28,0,0,0,25,1,0,539,15,3,10,3,0,6,3,0,0,0,0,0,0,0,0,0,0,2
1,72,4,1,2,4,6,1,3,2,1,3,2,2,27,1,2,5,6,2.593076909708393,0,0,23,0,0,0,24,1,0,2253,11,3,9,5,0,5,5,0,0,0,0,1,0,0,0,0,0,3
1,37,5,1,4,1,8,2,2,3,3,3,2,2,37,1,3,3,8,4.314606649275276,0,0,31,0,0,0,18,1,0,1828,9,2,13,5,0,6,2,0,0,0,0,2,4,0,0,0,0,2
1,58,4,2,5,2,5,3,2,1,2,1,1,1,34,3,1,3,14,3.1850308565618306,0,0,26,0,0,0,12,1,0,1843,28,3,6,5,0,5,4,0,0,0,0,1,0,0,0,0,0,4
1,59,5,3,4,2,4,2,3,3,3,3,1,2,39,1,3,3,7,4.128639736805038,0,0,17,0,0,0,10,1,0,1357,12,3,7,4,0,7,2,0,0,0,0,1,3,0,0,0,0,4
1,64,4,1,6,3,5,1,1,1,1,1,1,2,44,3,4,4,14,4.334364287513518,0,0,20,0,0,0,10,0,0,650,5,1,19,2,0,5,7,0,0,0,0,2,0,0,0,0,0,1
1,67,5,3,4,4,4,4,1,1,3,1,1,1,22,4,3,3,11,3.355028544900068,0,0,27,0,0,0,16,0,0,556,6,3,9,2,0,5,4,0,0,0,0,1,0,0,0,0,0,3
1,73,7,3,6,3,5,2,1,1,2,2,2,2,36,4,4,4,13,3.361491082664364,0,0,15,0,0,0,11,1,0,2123,20,1,17,3,0,7,6,0,0,0,0,1,0,0,0,0,0,0
1,43,7,1,7,1,8,4,2,2,2,2,2,2,28,3,4,5,12,3.283601639974426,0,0,30,0,0,0,15,1,0,1645,5,3,19,3,0,5,5,0,0,0,0,0,4,0,0,0,0,0
1,55,3,4,5,2,5,2,1,3,1,2,2,2,42,2,4,2,8,4.762516446745899,0,0,29,0,0,0,29,1,0,2928,17,2,16,3,0,5,4,0,0,0,0,1,0,0,0,0,0,3
1,54,4,4,7,4,7,4,3,2,3,3,0,1,26,3,2,5,6,4.1521071025973235,0,0,28,0,0,0,26,0,0,1738,20,2,16,1,0,2,5,0,0,0,0,2,4,0,0,0,0,0
1,39,5,4,3,4,3,2,1,3,2,1,1,1,45,2,4,4,9,3.3663198124675033,0,0,16,0,0,0,26,0,0,1390,8,1,10,3,0,4,6,0,0,0,0,2,2,0,0,0,0,2
1,59,6,1,2,2,8,1,2,1,3,1,1,3,25,3,1,3,12,4.7154954969351,0,0,21,0,0,0,17,0,0,2016,22,3,9,4,0,6,4,0,0,0,0,0,0,0,0,0,0,1
1,42,3,3,4,1,9,1,3,1,2,1,1,2,49,4,4,4,7,4.722137330347431,0,0,19,0,0,0,22,0,0,2688,17,1,12,3,0,2,2,0,0,0,0,1,3,0,0,0,0,2
1,41,3,3,3,1,9,4,3,2,2,1,1,2,48,1,4,3,6,4.715002911172004,0,0,20,0,0,0,19,1,0,2934,6,1,12,5,0,4,4,0,0,0,0,1,4,0,0,0,0,2
1,57,3,1,6,3,5,4,3,1,2,3,1,3,45,1,2,5,10,3.7044721122337196,0,0,39,0,0,0,6,0,0,1014,18,4,16,1,0,6,6,0,0,0,0,1,1,0,0,0,0,1
1,61,3,4,3,4,7,3,2,1,1,3,0,2,31,3,1,2,14,2.847906684381883,0,0,24,0,0,0,22,0,0,2990,20,4,5,4,0,6,4,0,0,0,0,2,3,0,0,0,0,2
1,44,4,1,7,3,6,4,3,2,1,1,2,2,41,3,4,2,10,2.7590589530822434,0,0,21,0,0,0,7,0,0,1526,16,4,16,5,0,5,5,0,0,0,0,2,2,0,0,0,0,1
1,67,3,4,5,1,9,1,2,2,1,2,2,3,24,2,1,5,12,3.842393429857073,0,0,28,0,0,0,2,0,0,1312,12,2,19,1,0,7,7,0,0,0,0,1,3,0,0,0,0,4
1,42,6,3,7,3,6,2,2,3,1,3,2,2,34,1,3,3,7,3.136924970886203,0,0,28,0,0,0,29,1,0,2223,22,4,15,2,0,4,3,0,0,0,0,1,4,0,0,0,0,0
1,64,4,1,5,4,6,2,3,3,1,2,2,3,39,2,3,3,6,3.1642793969568808,0,0,27,0,0,0,16,1,0,1894,5,2,14,2,0,4,4,0,0,0,0,0,2,0,0,0,0,4
1,56,3,1,4,4,5,3,2,1,1,3,0,2,39,4,4,4,7,4.236901136486752,0,0,17,0,0,0,14,0,0,1670,26,1,10,5,0,7,5,0,0,0,0,2,2,0,0,0,0,0
1,64,5,1,7,4,5,1,3,2,3,2,2,2,38,1,4,4,9,3.662016638690462,0,0,26,0,0,0,24,1,0,1291,14,1,19,4,0,4,4,0,0,0,0,0,0,0,0,0,0,1
1,61,7,4,3,3,8,4,3,3,1,1,1,3,31,1,3,4,9,3.3066682001076177,0,0,34,0,0,0,14,0,0,960,8,1,9,5,0,7,2,0,0,0,0,2,4,0,0,0,0,4
1,73,7,1,4,3,5,2,3,1,1,3,0,2,22,2,1,3,11,3.1028096106624092,0,0,32,0,0,0,9,1,0,1079,7,3,11,5,0,4,4,0,0,0,0,1,2,0,0,0,0,4
1,52,7,2,6,2,8,3,2,3,3,3,1,2,46,2,2,4,8,4.159664347638658,0,0,36,0,0,0,9,0,0,2722,10,4,12,1,0,3,5,0,0,0,0,2,4,0,0,0,0,3
1,40,4,1,4,3,4,1,2,1,2,2,1,2,44,3,3,5,8,3.84142999076745,0,0,34,0,0,0,21,1,0,2545,18,2,5,1,0,2,2,0,0,0,0,2,0,0,0,0,0,4
1,60,4,3,5,3,4,1,1,1,3,1,2,3,47,2,1,3,11,4.8567758788674205,0,0,21,0,0,0,16,1,0,2633,6,4,7,1,0,4,3,0,0,0,0,1,0,0,0,0,0,0
1,71,6,2,5,3,9,1,2,2,2,2,2,3,23,1,2,2,12,3.8282235263923186,0,0,29,0,0,0,19,1,0,1305,28,4,18,3,0,5,7,0,0,0,0,0,3,0,0,0,0,2
1,63,7,4,6,3,4,2,2,1,3,2,1,1,23,4,2,4,6,3.0139943387168513,0,0,26,0,0,0,12,0,0,714,22,1,9,5,0,6,2,0,0,0,0,0,2,0,0,0,0,2
1,36,5,3,4,1,5,3,2,1,3,2,2,2,21,2,2,2,6,2.5260888867380893,0,0,38,0,0,0,14,0,0,1305,18,3,6,2,0,5,6,0,0,0,0,1,2,0,0,0,0,3
1,39,3,4,6,2,8,4,3,1,1,1,2,1,31,4,2,5,11,4.1238531306902,0,0,23,0,0,0,13,1,0,2034,23,2,19,2,0,4,2,0,0,0,0,2,1,0,0,0,0,0
1,38,7,3,7,1,5,2,2,3,2,1,2,2,46,4,1,4,6,4.685457216076713,0,0,23,0,0,0,13,1,0,1421,19,1,17,5,0,4,4,0,0,0,0,1,3,0,0,0,0,0
1,49,4,2,3,4,4,2,3,1,1,2,1,2,39,3,2,4,11,3.0349739617671703,0,0,33,0,0,0,22,1,0,567,6,1,19,5,0,4,6,0,0,0,0,1,0,0,0,0,0,2
1,65,3,3,7,2,9,1,1,3,2,1,2,1,33,3,3,5,13,2.6704024163336975,0,0,24,0,0,0,20,0,0,2672,23,3,16,5,0,3,4,0,0,0,0,0,4,0,0,0,0,1
1,55,5,2,7,3,4,3,3,1,2,3,2,2,36,1,1,4,14,3.84762189166275,0,0,39,0,0,0,4,0,0,2015,5,2,7,4,0,5,2,0,0,0,0,1,3,0,0,0,0,1
1,49,6,1,2,2,4,4,3,1,3,1,2,2,20,4,2,3,9,4.072282489666774,0,0,21,0,0,0,19,0,0,2250,18,4,12,1,0,3,7,0,0,0,0,2,0,0,0,0,0,3
1,71,5,4,3,3,9,4,2,1,3,2,2,3,29,3,3,5,13,2.7603218310821025,0,0,20,0,0,0,2,0,0,2873,28,1,15,4,0,4,5,0,0,0,0,0,3,0,0,0,0,3
1,77,7,2,5,2,3,1,3,1,2,3,2,3,42,3,4,4,10,3.4265461285781007,0,0,38,0,0,0,22,1,0,2799,7,3,7,5,0,6,4,0,0,0,0,0,4,0,0,0,0,1
1,43,7,4,7,4,5,3,3,1,1,3,0,1,34,2,3,4,11,2.6148821926823875,0,0,17,0,0,0,27,1,0,2492,23,3,6,1,0,6,5,0,0,0,0,0,2,0,0,0,0,2
1,57,7,1,3,2,9,1,1,1,1,2,0,2,40,2,1,2,9,3.88955072601328,0,0,27,0,0,0,4,0,0,2690,28,2,18,3,0,2,6,0,0,0,0,1,3,0,0,0,0,3
1,52,7,3,6,3,5,3,2,1,3,2,1,2,33,4,1,3,12,4.579848015750196,0,0,33,0,0,0,8,1,0,2947,28,1,13,4,0,6,7,0,0,0,0,0,4,0,0,0,0,4
1,47,4,2,3,2,6,1,3,1,3,1,2,2,28,4,3,2,11,4.091688022553865,0,0,34,0,0,0,20,0,0,918,26,3,18,1,0,2,6,0,0,0,0,1,0,0,0,0,0,2
1,72,5,2,5,3,5,1,1,3,1,3,0,1,43,4,4,2,8,4.828758568767603,0,0,37,0,0,0,20,0,0,1410,20,1,18,2,0,4,7,0,0,0,0,2,0,0,0,0,0,0
1,76,7,1,3,4,6,3,3,2,3,1,0,1,27,4,3,5,6,3.1324490790092483,0,0,37,0,0,0,2,0,0,2844,10,2,16,5,0,7,2,0,0,0,0,0,4,0,0,0,0,3
1,51,3,3,3,4,6,4,2,1,2,3,1,2,29,4,3,4,13,4.171225573513828,0,0,36,0,0,0,19,0,0,2441,20,2,17,2,0,5,3,0,0,0,0,2,1,0,0,0,0,1
1,43,4,1,7,2,9,1,2,3,1,2,0,3,33,3,2,5,8,3.8507873252070866,0,0,17,0,0,0,13,1,0,2258,8,1,6,4,0,6,4,0,0,0,0,1,3,0,0,0,0,3
1,60,3,1,7,2,4,1,2,1,2,3,2,2,47,4,1,4,14,2.5306330539737436,0,0,36,0,0,0,12,1,0,532,21,2,7,3,0,2,2,0,0,0,0,1,1,0,0,0,0,2
1,67,5,2,6,3,4,2,1,2,1,3,1,1,41,2,3,3,9,3.8730743306865283,0,0,37,0,0,0,10,1,0,2573,12,1,19,5,0,5,7,0,0,0,0,2,4,0,0,0,0,0
1,72,7,3,7,2,7,3,2,2,2,3,1,2,46,1,1,4,6,3.5011716347957247,0,0,26,0,0,0,4,0,0,2900,11,1,5,5,0,5,2,0,0,0,0,2,0,0,0,0,0,1
1,43,7,4,6,4,3,4,3,1,3,3,0,1,47,2,4,4,10,2.9837889583574038,0,0,17,0,0,0,19,1,0,1300,10,2,12,1,0,6,2,0,0,0,0,1,1,0,0,0,0,4
1,61,3,4,5,2,6,2,1,1,2,1,2,1,46,1,1,5,7,3.3529571592801664,0,0,15,0,0,0,27,1,0,2287,26,3,16,4,0,4,4,0,0,0,0,2,2,0,0,0,0,4
1,45,5,4,4,1,9,4,2,1,3,2,2,3,33,3,2,5,10,3.9112980190936817,0,0,32,0,0,0,14,0,0,1833,19,2,12,4,0,6,6,0,0,0,0,1,3,0,0,0,0,0
1,43,3,1,7,2,3,3,1,2,3,1,2,1,38,2,2,3,10,4.918208499871486,0,0,19,0,0,0,23,0,0,1989,11,3,8,3,0,3,6,0,0,0,0,0,2,0,0,0,0,0
1,73,3,4,4,4,9,1,2,3,3,2,2,3,30,2,1,5,6,2.9036305415103234,0,0,30,0,0,0,13,1,0,1999,18,2,19,1,0,4,7,0,0,0,0,2,0,0,0,0,0,1
1,50,6,3,6,2,5,3,2,2,1,3,1,2,23,4,3,4,11,2.941878163187476,0,0,38,0,0,0,21,1,0,1231,18,3,8,2,0,6,2,0,0,0,0,2,3,0,0,0,0,1
1,70,3,4,6,4,7,1,1,3,3,2,2,1,40,1,2,5,8,3.4400984147692077,0,0,16,0,0,0,2,1,0,546,16,3,15,3,0,6,7,0,0,0,0,2,3,0,0,0,0,4
1,61,4,2,5,4,8,2,3,3,1,3,1,2,25,4,4,2,11,4.433077835694424,0,0,37,0,0,0,21,1,0,2952,7,2,10,1,0,2,6,0,0,0,0,0,2,0,0,0,0,0
1,62,5,4,6,1,9,3,3,2,1,2,2,2,39,4,3,5,11,4.078034553392858,0,0,15,0,0,0,25,0,0,2695,11,3,10,2,0,6,7,0,0,0,0,2,4,0,0,0,0,0
1,72,3,2,2,2,7,4,1,2,3,2,1,1,43,3,4,3,6,3.1169191302779025,0,0,30,0,0,0,16,1,0,1707,21,3,18,1,0,4,2,0,0,0,0,1,3,0,0,0,0,1
1,77,7,3,6,4,9,2,3,1,3,3,0,2,27,1,2,5,13,2.772029862686472,0,0,23,0,0,0,7,1,0,1298,21,3,15,4,0,2,3,0,0,0,0,0,1,0,0,0,0,2
1,39,3,1,6,4,7,4,3,3,1,1,2,3,49,2,4,4,12,4.906734595054347,0,0,15,0,0,0,5,1,0,1848,11,3,13,2,0,5,3,0,0,0,0,2,4,0,0,0,0,4
1,63,5,1,4,3,3,2,1,2,2,2,2,1,47,4,4,2,7,2.5304644029691445,0,0,24,0,0,0,13,0,0,2604,13,1,8,1,0,5,2,0,0,0,0,0,1,0,0,0,0,2
1,38,6,2,3,1,6,1,3,2,2,1,1,1,43,2,1,5,13,4.11336083344156,0,0,30,0,0,0,16,0,0,673,22,2,14,5,0,3,6,0,0,0,0,2,1,0,0,0,0,3
1,41,4,1,4,3,3,1,2,1,2,3,0,3,34,1,4,3,7,2.923834490050585,0,0,39,0,0,0,29,0,0,931,18,3,14,3,0,2,7,0,0,0,0,2,2,0,0,0,0,0
1,60,4,3,7,1,8,3,3,1,3,2,2,2,27,1,3,5,13,3.391004741825352,0,0,32,0,0,0,27,0,0,1280,27,1,11,4,0,2,2,0,0,0,0,0,2,0,0,0,0,4
1,62,7,1,4,4,9,4,2,3,1,2,2,2,38,4,2,2,7,4.948074420255555,0,0,26,0,0,0,22,1,0,2204,18,3,12,1,0,2,3,0,0,0,0,0,0,0,0,0,0,3
1,75,6,1,5,3,3,2,2,2,1,2,2,1,28,3,4,2,10,4.665984299794668,0,0,37,0,0,0,11,1,0,2900,7,1,8,2,0,3,5,0,0,0,0,1,2,0,0,0,0,4
1,52,3,3,5,4,5,3,3,1,2,1,1,2,45,4,2,2,6,2.9377051264371206,0,0,23,0,0,0,25,1,0,2293,15,3,16,1,0,4,4,0,0,0,0,0,3,0,0,0,0,1
1,77,3,1,2,4,7,2,1,1,1,2,1,2,28,4,1,4,9,3.463259292905521,0,0,17,0,0,0,7,1,0,2740,8,3,6,5,0,2,5,0,0,0,0,1,4,0,0,0,0,4
1,64,4,2,4,4,6,2,3,3,2,1,0,2,34,4,2,3,14,4.479473156712418,0,0,21,0,0,0,26,1,0,1330,28,4,19,1,0,4,5,0,0,0,0,2,0,0,0,0,0,4
1,56,4,3,2,3,8,4,3,2,3,2,0,1,42,1,3,4,13,4.4039071187329455,0,0,20,0,0,0,13,0,0,2108,9,4,16,2,0,3,7,0,0,0,0,1,2,0,0,0,0,0
1,71,4,1,2,1,7,2,3,2,2,1,2,2,45,2,1,5,6,3.1449172269636545,0,0,20,0,0,0,8,1,0,620,29,1,7,2,0,6,2,0,0,0,0,0,2,0,0,0,0,4
1,67,6,1,2,4,9,3,1,3,1,3,2,2,34,2,3,4,13,3.2395573822830017,0,0,32,0,0,0,8,1,0,2275,17,4,18,1,0,7,4,0,0,0,0,1,1,0,0,0,0,1
1,63,4,3,2,1,7,4,2,3,3,1,0,2,45,1,1,4,7,3.894110229045385,0,0,31,0,0,0,21,0,0,1414,6,3,6,3,0,3,6,0,0,0,0,1,0,0,0,0,0,1
1,63,7,3,7,4,6,1,3,1,2,3,2,1,36,3,2,2,14,3.985595942187436,0,0,28,0,0,0,15,0,0,1141,14,4,14,2,0,7,4,0,0,0,0,0,0,0,0,0,0,0
1,42,7,2,3,4,6,3,2,2,3,1,1,2,27,4,2,4,11,2.967205397272164,0,0,37,0,0,0,16,1,0,2266,11,1,19,3,0,6,5,0,0,0,0,1,4,0,0,0,0,1
1,49,5,4,3,4,5,2,3,2,3,1,1,2,46,3,4,5,12,3.9060311092271585,0,0,33,0,0,0,13,0,0,1963,29,1,19,5,0,5,5,0,0,0,0,1,1,0,0,0,0,0
1,58,6,2,2,2,9,4,1,2,3,1,2,3,48,4,3,5,8,4.032569815731531,0,0,28,0,0,0,28,0,0,1802,12,3,10,2,0,5,5,0,0,0,0,1,2,0,0,0,0,0
1,77,6,2,6,2,8,1,2,3,1,3,1,3,35,1,4,5,13,3.0075770897456584,0,0,16,0,0,0,5,1,0,596,25,4,7,1,0,2,3,0,0,0,0,1,2,0,0,0,0,1
1,36,5,2,6,3,9,4,3,2,1,1,1,2,47,1,1,3,12,2.6979514574739905,0,0,24,0,0,0,28,0,0,2719,15,3,10,2,0,4,3,0,0,0,0,2,0,0,0,0,0,4
1,35,6,1,2,3,7,3,3,3,1,1,0,3,29,2,1,5,10,4.6338674202168075,0,0,27,0,0,0,23,1,0,1452,22,4,17,5,0,3,6,0,0,0,0,1,4,0,0,0,0,0
1,63,3,4,7,2,4,2,2,1,1,3,0,1,38,1,3,5,12,2.564380719819769,0,0,35,0,0,0,27,0,0,2574,8,2,16,4,0,3,6,0,0,0,0,2,0,0,0,0,0,3
1,61,7,1,7,3,9,4,2,3,3,3,0,2,27,2,2,4,13,3.674856141296509,0,0,39,0,0,0,21,1,0,2589,23,1,16,5,0,3,3,0,0,0,0,2,2,0,0,0,0,0
1,54,7,3,6,4,3,4,3,3,2,2,2,1,40,4,4,2,9,3.111958033554912,0,0,24,0,0,0,21,1,0,642,24,3,12,2,0,4,3,0,0,0,0,1,4,0,0,0,0,4
1,42,3,3,6,4,4,4,1,1,1,2,1,1,39,1,4,2,7,3.0562229491118016,0,0,17,0,0,0,16,1,0,2789,15,3,19,2,0,3,6,0,0,0,0,2,2,0,0,0,0,1
